-- phpMyAdmin SQL Dump
-- version 5.1.1
-- https://www.phpmyadmin.net/
--
-- Host: 127.0.0.1
-- Generation Time: Jan 28, 2023 at 11:56 AM
-- Server version: 10.4.21-MariaDB
-- PHP Version: 7.4.25

SET SQL_MODE = "NO_AUTO_VALUE_ON_ZERO";
START TRANSACTION;
SET time_zone = "+00:00";


/*!40101 SET @OLD_CHARACTER_SET_CLIENT=@@CHARACTER_SET_CLIENT */;
/*!40101 SET @OLD_CHARACTER_SET_RESULTS=@@CHARACTER_SET_RESULTS */;
/*!40101 SET @OLD_COLLATION_CONNECTION=@@COLLATION_CONNECTION */;
/*!40101 SET NAMES utf8mb4 */;

--
-- Database: `engy`
--

-- --------------------------------------------------------

--
-- Table structure for table `physics_lab_1_class`
--

CREATE TABLE `physics_lab_1_class` (
  `id` int(11) NOT NULL,
  `class_name` varchar(50) DEFAULT NULL,
  `class_day` varchar(50) DEFAULT NULL,
  `class_time` varchar(50) DEFAULT NULL
) ENGINE=InnoDB DEFAULT CHARSET=utf8mb4;

--
-- Dumping data for table `physics_lab_1_class`
--

INSERT INTO `physics_lab_1_class` (`id`, `class_name`, `class_day`, `class_time`) VALUES
(1, 'آزمایشگاه فیزیک 1 گروه 1', 'شنبه', '08:00 - 10:00'),
(2, 'آزمایشگاه فیزیک 1 گروه 2', 'شنبه', '10:00 - 12:00'),
(3, 'آزمایشگاه فیزیک 1 گروه 7', 'یک شنبه', '13:30 - 15:30');

-- --------------------------------------------------------

--
-- Table structure for table `physics_lab_1_users`
--

CREATE TABLE `physics_lab_1_users` (
  `id` int(11) NOT NULL,
  `user_id` int(11) NOT NULL,
  `student_number` int(11) NOT NULL,
  `class_id` int(11) DEFAULT NULL,
  `accept` tinyint(1) DEFAULT NULL
) ENGINE=InnoDB DEFAULT CHARSET=utf8mb4;

--
-- Dumping data for table `physics_lab_1_users`
--

INSERT INTO `physics_lab_1_users` (`id`, `user_id`, `student_number`, `class_id`, `accept`) VALUES
(5, 8, 401104208, 3, 1),
(6, 9, 401106974, 1, 1),
(10, 11, 401107176, 2, 1),
(14, 10, 401107273, 2, 1),
(17, 14, 401106963, 1, 1),
(18, 15, 401106941, 1, 1),
(19, 16, 401107198, 2, 1),
(20, 17, 401106899, 1, 1),
(23, 19, 401106952, 1, 1),
(24, 18, 401106793, 1, 1),
(25, 20, 97102366, 1, 1),
(27, 21, 401107154, 2, 1),
(28, 23, 401107227, 2, 1),
(29, 24, 401107165, 2, 1),
(30, 25, 401107216, 2, 1),
(31, 26, 401107238, 2, 1),
(32, 27, 401107205, 2, 1),
(33, 28, 401104181, 3, 1),
(34, 29, 29, NULL, 0),
(35, 30, 30, NULL, 0),
(36, 31, 401104219, 3, 1),
(37, 32, 401106855, 1, 1),
(38, 33, 401104232, 3, 1),
(39, 34, 401104298, 3, 1),
(41, 35, 401104287, 3, 1),
(46, 36, 401107187, 2, 1),
(47, 37, 37, 3, 0),
(48, 38, 401104254, 3, 0);

-- --------------------------------------------------------

--
-- Table structure for table `physics_lab_1_work`
--

CREATE TABLE `physics_lab_1_work` (
  `id` int(11) NOT NULL,
  `user_id` int(11) DEFAULT NULL,
  `work_list` int(11) DEFAULT NULL,
  `date_time` datetime DEFAULT NULL
) ENGINE=InnoDB DEFAULT CHARSET=utf8mb4;

--
-- Dumping data for table `physics_lab_1_work`
--

INSERT INTO `physics_lab_1_work` (`id`, `user_id`, `work_list`, `date_time`) VALUES
(3, 8, 11, '2022-11-15 23:26:53'),
(4, 8, 12, '2022-11-15 23:27:32'),
(5, 8, 1, '2022-11-15 23:29:02'),
(6, 8, 2, '2022-11-15 23:30:50'),
(7, 9, 1, '2022-11-15 23:31:41'),
(8, 9, 2, '2022-11-15 23:33:58'),
(9, 8, 5, '2022-11-15 23:35:55'),
(10, 10, 1, '2022-11-16 12:51:02'),
(11, 14, 1, '2022-11-16 12:51:23'),
(12, 14, 2, '2022-11-16 12:52:32'),
(13, 14, 3, '2022-11-16 12:54:37'),
(14, 10, 2, '2022-11-16 12:54:56'),
(15, 10, 3, '2022-11-16 12:57:13'),
(16, 10, 4, '2022-11-16 13:07:36'),
(17, 10, 11, '2022-11-16 13:14:34'),
(18, 10, 12, '2022-11-16 13:18:33'),
(19, 9, 3, '2022-11-16 16:02:59'),
(20, 15, 1, '2022-11-16 16:13:20'),
(21, 15, 2, '2022-11-16 16:15:03'),
(22, 15, 3, '2022-11-16 16:17:06'),
(23, 16, 2, '2022-11-17 08:14:01'),
(24, 17, 1, '2022-11-17 08:41:26'),
(25, 17, 2, '2022-11-17 08:42:27'),
(26, 17, 3, '2022-11-17 21:58:05'),
(27, 14, 4, '2022-11-17 23:05:33'),
(28, 19, 1, '2022-11-17 23:27:24'),
(29, 19, 2, '2022-11-17 23:29:31'),
(30, 19, 3, '2022-11-17 23:32:32'),
(31, 19, 4, '2022-11-17 23:34:43'),
(32, 9, 4, '2022-11-18 00:01:02'),
(33, 18, 1, '2022-11-18 00:05:44'),
(34, 18, 2, '2022-11-18 00:07:02'),
(35, 18, 3, '2022-11-18 00:07:59'),
(36, 11, 1, '2022-11-18 23:57:24'),
(37, 11, 2, '2022-11-18 23:58:57'),
(38, 11, 3, '2022-11-19 00:00:26'),
(39, 15, 4, '2022-11-19 00:00:48'),
(40, 11, 4, '2022-11-19 00:01:09'),
(41, 21, 2, '2022-11-19 00:27:44'),
(42, 21, 3, '2022-11-19 00:28:13'),
(43, 21, 4, '2022-11-19 00:29:07'),
(44, 21, 1, '2022-11-19 00:29:42'),
(45, 18, 4, '2022-11-19 08:10:45'),
(46, 19, 15, '2022-11-19 08:30:23'),
(47, 20, 15, '2022-11-19 08:31:39'),
(48, 14, 15, '2022-11-19 08:33:14'),
(49, 9, 15, '2022-11-19 08:35:13'),
(50, 18, 14, '2022-11-19 08:38:31'),
(51, 26, 15, '2022-11-19 10:37:27'),
(52, 16, 15, '2022-11-19 10:38:36'),
(53, 23, 15, '2022-11-19 10:40:57'),
(54, 25, 15, '2022-11-19 10:48:13'),
(55, 11, 15, '2022-11-19 17:45:29'),
(56, 16, 3, '2022-11-19 20:32:50'),
(57, 16, 4, '2022-11-19 20:37:17'),
(58, 27, 2, '2022-11-19 22:49:47'),
(59, 8, 6, '2022-11-20 17:58:22'),
(60, 8, 14, '2022-11-20 18:01:25'),
(61, 23, 1, '2022-11-20 20:23:01'),
(62, 23, 2, '2022-11-20 20:23:52'),
(63, 23, 3, '2022-11-20 20:24:48'),
(64, 23, 4, '2022-11-20 20:25:31'),
(65, 32, 1, '2022-11-20 21:08:01'),
(66, 32, 2, '2022-11-20 21:09:16'),
(67, 32, 3, '2022-11-20 21:11:08'),
(68, 32, 4, '2022-11-20 21:17:51'),
(69, 32, 14, '2022-11-20 21:20:58'),
(70, 33, 2, '2022-11-20 21:45:27'),
(71, 33, 14, '2022-11-20 21:46:27'),
(72, 27, 3, '2022-11-20 22:10:38'),
(73, 27, 15, '2022-11-20 22:16:23'),
(74, 24, 4, '2022-11-24 09:27:43'),
(75, 10, 5, '2022-11-24 09:52:56'),
(76, 25, 4, '2022-11-24 10:04:56'),
(77, 11, 5, '2022-11-24 10:26:27'),
(78, 17, 4, '2022-11-25 19:59:54'),
(79, 17, 5, '2022-11-25 20:00:38'),
(80, 21, 5, '2022-11-25 20:50:21'),
(81, 17, 16, '2022-11-26 08:28:39'),
(82, 19, 16, '2022-11-26 08:31:02'),
(83, 14, 5, '2022-11-26 08:34:01'),
(84, 20, 16, '2022-11-26 08:34:16'),
(85, 14, 16, '2022-11-26 08:35:48'),
(86, 32, 16, '2022-11-26 08:36:50'),
(87, 18, 16, '2022-11-26 08:41:33'),
(88, 18, 5, '2022-11-26 08:43:05'),
(89, 19, 5, '2022-11-26 08:44:10'),
(90, 15, 16, '2022-11-26 08:53:40'),
(91, 9, 16, '2022-11-26 09:10:46'),
(92, 26, 5, '2022-11-26 09:57:59'),
(93, 23, 5, '2022-11-26 10:11:37'),
(94, 21, 16, '2022-11-26 10:22:14'),
(95, 27, 16, '2022-11-26 10:24:05'),
(96, 25, 16, '2022-11-26 10:24:21'),
(97, 23, 16, '2022-11-26 10:25:12'),
(98, 24, 16, '2022-11-26 10:25:36'),
(99, 10, 16, '2022-11-26 10:27:41'),
(100, 24, 15, '2022-11-26 10:28:45'),
(101, 11, 16, '2022-11-26 11:29:17'),
(102, 32, 5, '2022-11-26 19:59:49'),
(103, 16, 16, '2022-11-27 00:19:29'),
(104, 35, 2, '2022-11-27 14:04:14'),
(105, 35, 6, '2022-11-27 14:06:46'),
(106, 35, 16, '2022-11-27 14:09:17'),
(107, 35, 12, '2022-11-27 14:11:00'),
(108, 35, 11, '2022-11-27 14:12:01'),
(109, 8, 3, '2022-11-27 20:54:32'),
(110, 24, 3, '2022-11-28 20:57:24'),
(111, 24, 2, '2022-11-28 20:59:21'),
(112, 24, 12, '2022-11-28 21:02:13'),
(113, 24, 5, '2022-11-28 21:09:42'),
(114, 16, 5, '2022-11-28 22:19:13'),
(115, 26, 2, '2022-12-01 21:11:51'),
(116, 26, 1, '2022-12-01 21:14:31'),
(117, 10, 6, '2022-12-01 21:17:11'),
(118, 26, 3, '2022-12-01 21:18:14'),
(119, 26, 16, '2022-12-01 21:20:53'),
(120, 26, 4, '2022-12-02 19:23:13'),
(121, 26, 6, '2022-12-02 19:23:51'),
(122, 9, 6, '2022-12-02 20:22:42'),
(123, 9, 5, '2022-12-02 20:23:46'),
(124, 17, 6, '2022-12-02 20:31:59'),
(125, 23, 6, '2022-12-02 20:39:45'),
(126, 11, 6, '2022-12-02 23:28:20'),
(127, 24, 1, '2022-12-03 00:49:02'),
(128, 24, 6, '2022-12-03 02:01:39'),
(129, 15, 5, '2022-12-03 02:09:38'),
(130, 15, 6, '2022-12-03 02:11:00'),
(131, 14, 7, '2022-12-03 08:10:41'),
(132, 19, 6, '2022-12-03 08:14:19'),
(133, 25, 1, '2022-12-03 10:04:46'),
(134, 25, 2, '2022-12-03 10:20:20'),
(135, 25, 3, '2022-12-03 10:21:56'),
(136, 25, 5, '2022-12-03 10:23:51'),
(137, 25, 6, '2022-12-03 10:25:06'),
(138, 21, 6, '2022-12-09 16:06:07'),
(139, 10, 7, '2022-12-09 17:26:13'),
(140, 9, 11, '2022-12-09 17:44:55'),
(141, 9, 12, '2022-12-09 17:46:25'),
(142, 9, 7, '2022-12-09 17:52:14'),
(143, 26, 7, '2022-12-09 18:33:42'),
(144, 14, 6, '2022-12-09 19:25:10'),
(145, 18, 7, '2022-12-10 08:26:31'),
(146, 17, 7, '2022-12-10 08:26:35'),
(147, 19, 7, '2022-12-10 08:27:00'),
(148, 11, 7, '2022-12-10 08:30:39'),
(149, 23, 7, '2022-12-10 09:27:23'),
(150, 21, 7, '2022-12-10 09:56:48'),
(151, 24, 7, '2022-12-10 10:11:43'),
(152, 15, 7, '2022-12-10 11:59:37'),
(153, 23, 8, '2022-12-16 21:58:42'),
(154, 21, 8, '2022-12-16 21:59:16'),
(155, 10, 8, '2022-12-16 22:10:31'),
(156, 9, 8, '2022-12-16 22:39:41'),
(157, 11, 8, '2022-12-16 23:59:42'),
(158, 24, 8, '2022-12-17 00:47:49'),
(159, 17, 8, '2022-12-17 01:17:42'),
(160, 18, 6, '2022-12-17 08:12:30'),
(161, 14, 8, '2022-12-17 08:14:01'),
(162, 26, 8, '2022-12-17 09:47:08'),
(163, 26, 9, '2022-12-25 11:25:55'),
(164, 11, 17, '2022-12-25 12:47:47'),
(165, 11, 9, '2022-12-25 12:48:45'),
(166, 23, 9, '2022-12-26 21:12:20'),
(167, 9, 17, '2022-12-27 00:00:14'),
(168, 9, 9, '2022-12-27 00:01:58'),
(169, 18, 8, '2022-12-27 04:38:50'),
(170, 18, 9, '2022-12-27 11:34:33'),
(171, 18, 17, '2022-12-27 11:35:37'),
(172, 32, 9, '2022-12-27 20:18:15'),
(173, 32, 8, '2022-12-27 20:20:35'),
(174, 14, 9, '2022-12-31 13:45:38'),
(175, 19, 8, '2022-12-31 13:45:56'),
(176, 19, 9, '2022-12-31 13:46:18'),
(177, 19, 10, '2022-12-31 13:46:45'),
(178, 14, 10, '2022-12-31 13:48:40'),
(179, 11, 10, '2022-12-31 13:50:24'),
(180, 15, 8, '2022-12-31 14:32:24'),
(181, 15, 9, '2022-12-31 14:33:45'),
(182, 10, 9, '2022-12-31 18:35:32'),
(183, 10, 17, '2022-12-31 18:39:51'),
(184, 9, 10, '2022-12-31 18:40:59'),
(185, 10, 10, '2023-01-07 13:38:45'),
(186, 27, 10, '2023-01-07 13:39:18'),
(187, 27, 6, '2023-01-07 13:43:17'),
(188, 25, 7, '2023-01-08 18:08:21'),
(189, 20, 1, '2023-01-08 18:09:12'),
(190, 20, 3, '2023-01-08 18:10:58'),
(191, 25, 8, '2023-01-08 18:11:25'),
(192, 20, 4, '2023-01-08 18:11:44'),
(193, 20, 5, '2023-01-08 18:13:44'),
(194, 20, 6, '2023-01-08 18:14:35'),
(195, 20, 7, '2023-01-08 18:15:28'),
(196, 20, 8, '2023-01-08 18:15:58'),
(197, 20, 9, '2023-01-08 18:16:47'),
(198, 36, 1, '2023-01-08 18:22:49'),
(199, 36, 15, '2023-01-08 18:23:58'),
(200, 36, 17, '2023-01-08 18:24:32'),
(201, 23, 10, '2023-01-08 18:25:40'),
(202, 36, 2, '2023-01-08 18:25:48'),
(203, 36, 4, '2023-01-08 18:26:32'),
(204, 36, 3, '2023-01-08 18:27:27'),
(205, 36, 5, '2023-01-08 18:27:48'),
(206, 36, 6, '2023-01-08 18:28:16'),
(207, 36, 7, '2023-01-08 18:28:36'),
(208, 36, 8, '2023-01-08 18:29:25'),
(209, 36, 9, '2023-01-08 18:29:53'),
(210, 25, 9, '2023-01-08 18:33:50'),
(211, 8, 9, '2023-01-08 20:39:32'),
(212, 8, 4, '2023-01-08 20:46:05'),
(213, 8, 10, '2023-01-08 20:53:36'),
(214, 33, 7, '2023-01-08 21:01:51'),
(215, 33, 6, '2023-01-08 21:03:46'),
(216, 33, 3, '2023-01-08 21:05:04'),
(217, 33, 4, '2023-01-08 21:06:26'),
(218, 33, 9, '2023-01-08 21:08:18'),
(219, 8, 7, '2023-01-08 21:21:47'),
(220, 24, 9, '2023-01-09 00:20:06'),
(221, 24, 10, '2023-01-09 00:22:53'),
(222, 16, 6, '2023-01-09 18:55:43'),
(223, 16, 8, '2023-01-09 18:59:38'),
(224, 16, 9, '2023-01-09 19:01:32'),
(225, 16, 10, '2023-01-09 19:04:03'),
(226, 18, 10, '2023-01-10 15:27:07'),
(227, 27, 1, '2023-01-10 16:23:57'),
(228, 33, 1, '2023-01-10 16:35:55'),
(229, 33, 5, '2023-01-10 16:36:14'),
(230, 33, 10, '2023-01-10 16:36:32'),
(231, 27, 9, '2023-01-10 16:47:54'),
(232, 27, 5, '2023-01-10 16:54:06'),
(233, 27, 8, '2023-01-10 17:06:14'),
(234, 27, 7, '2023-01-10 17:25:44'),
(235, 27, 4, '2023-01-10 17:29:55'),
(236, 21, 9, '2023-01-10 18:23:28'),
(237, 21, 10, '2023-01-10 18:24:01'),
(238, 21, 17, '2023-01-10 18:24:20'),
(239, 26, 10, '2023-01-10 19:13:06'),
(240, 34, 1, '2023-01-26 11:07:52'),
(241, 34, 2, '2023-01-26 11:08:57'),
(242, 34, 3, '2023-01-26 11:10:34'),
(243, 34, 4, '2023-01-26 11:12:49'),
(244, 34, 5, '2023-01-26 11:17:15'),
(245, 34, 7, '2023-01-26 11:19:12'),
(246, 34, 9, '2023-01-26 11:28:46'),
(247, 34, 10, '2023-01-26 11:30:11'),
(248, 25, 10, '2023-01-26 12:00:55'),
(249, 16, 1, '2023-01-26 12:38:18'),
(250, 16, 7, '2023-01-26 14:12:23'),
(251, 17, 10, '2023-01-28 13:32:13'),
(252, 17, 9, '2023-01-28 13:34:05'),
(253, 32, 10, '2023-01-28 13:46:20'),
(254, 28, 1, '2023-01-28 14:04:13'),
(255, 28, 2, '2023-01-28 14:04:54'),
(256, 28, 3, '2023-01-28 14:05:17'),
(257, 28, 4, '2023-01-28 14:05:49'),
(258, 28, 5, '2023-01-28 14:06:08'),
(259, 28, 6, '2023-01-28 14:06:44'),
(260, 28, 7, '2023-01-28 14:07:07'),
(261, 28, 8, '2023-01-28 14:07:25'),
(262, 28, 9, '2023-01-28 14:07:48'),
(263, 28, 10, '2023-01-28 14:08:07');

-- --------------------------------------------------------

--
-- Table structure for table `physics_lab_1_work_list`
--

CREATE TABLE `physics_lab_1_work_list` (
  `id` int(11) NOT NULL,
  `work_name` varchar(50) DEFAULT NULL
) ENGINE=InnoDB DEFAULT CHARSET=utf8mb4;

--
-- Dumping data for table `physics_lab_1_work_list`
--

INSERT INTO `physics_lab_1_work_list` (`id`, `work_name`) VALUES
(1, 'آزمایش شماره 1(اندازه گیری)'),
(10, 'آزمایش شماره 10'),
(2, 'آزمایش شماره 2(قانون ارشمیدس و عکس العمل زمان)'),
(3, 'آزمایش شماره 3(اصطکاک)'),
(4, 'آزمایش شماره 4(سرعت و شتاب)'),
(5, 'آزمایش شماره 5(خط کش تعادل و میز نیرو)'),
(6, 'آزمایش شماره 6(حرکت پرتابی)'),
(7, 'آزمایش شماره 7(آونگ کاتر)'),
(8, 'آزمایش شماره 8(برخورد جداول 1تا6)'),
(9, 'آزمایش شماره 9'),
(11, 'کوییز 1'),
(12, 'کوییز 2'),
(13, 'کوییز 3'),
(14, 'کوییز 4'),
(15, 'کوییز 5'),
(16, 'کوییز 6'),
(17, 'کوییز 8');

-- --------------------------------------------------------

--
-- Table structure for table `users`
--

CREATE TABLE `users` (
  `user_id` int(11) NOT NULL,
  `id` bigint(30) NOT NULL,
  `first_name` varchar(50) DEFAULT NULL,
  `last_name` varchar(50) DEFAULT NULL,
  `username` varchar(50) DEFAULT NULL
) ENGINE=InnoDB DEFAULT CHARSET=utf8mb4;

--
-- Dumping data for table `users`
--

INSERT INTO `users` (`user_id`, `id`, `first_name`, `last_name`, `username`) VALUES
(4, 99981475, 'vampire', NULL, 'Vampire1468'),
(8, 684036262, 'Amirhossein', NULL, 'Amirhossein_shf'),
(9, 915453626, 'AmirHosein', 'Khodarahmi', 'amir_kh54'),
(10, 5530759653, 'محمّد سجّاد', 'عظیمی', NULL),
(11, 80613643, 'Arian', NULL, 'ariansedaghat82'),
(14, 56233559, 'Soheil', NULL, 'Skh_legend82'),
(15, 85594269, 'Kiarash', 'Haghani', 'Kia22ha7'),
(16, 376733508, 'Sadra', NULL, 'sadrena'),
(17, 159153461, 'Nasim', NULL, 'Nasimjavdani'),
(18, 5555344149, 'farimah', NULL, 'farithonine4'),
(19, 1193699591, 'Ali hz', NULL, 'AHZA786'),
(20, 192577789, 'ali', 'Mohseninejad', 'Aliaaamn'),
(21, 1532075494, 'Mahdi', 'Sadeghi', 'SMS_42'),
(22, 5769392917, 'Mohammad', NULL, 'mmdkzmi83'),
(23, 1830248182, 'Ata', 'Baaft', 'atabaaft'),
(24, 5315548065, 'mohammad', NULL, 'Mohammadsd3961'),
(25, 96570299, 'Sed ehsan', NULL, 'Meh3anT'),
(26, 397146936, 'arash', 'zarif', 'arashzrf1382'),
(27, 792712926, 'Ahmad', NULL, 'Fasghvg'),
(28, 548324254, 'Bardia', NULL, 'Bardiasoeasy'),
(29, 5532529321, 'Arash', 'Alizadeh', 'alz_arash'),
(30, 369780335, 'Amyar', NULL, 'Amyar_Sio'),
(31, 188645912, 'ali', NULL, NULL),
(32, 340885144, 'Saghar Imn', NULL, 'sghrimn'),
(33, 5427009063, 'Mohammad Aref', 'Salehi', 'masalehi83'),
(34, 276152556, 'amir', NULL, NULL),
(35, 903495208, 'Taha', NULL, 'Tahaask'),
(36, 334139176, 'Hamidreza', 'Sedighi', 'hamid3dighi'),
(37, 577858094, 'ℳ𝒪ℋ𝒜ℳℳ𝒜𝒟', NULL, 'DFNSHK'),
(38, 871486066, 'MhmdrZ', NULL, 'MhmmdreZ');

--
-- Indexes for dumped tables
--

--
-- Indexes for table `physics_lab_1_class`
--
ALTER TABLE `physics_lab_1_class`
  ADD PRIMARY KEY (`id`),
  ADD UNIQUE KEY `id` (`id`),
  ADD UNIQUE KEY `class_name` (`class_name`);

--
-- Indexes for table `physics_lab_1_users`
--
ALTER TABLE `physics_lab_1_users`
  ADD PRIMARY KEY (`id`,`user_id`,`student_number`),
  ADD UNIQUE KEY `id` (`id`),
  ADD UNIQUE KEY `user_id` (`user_id`),
  ADD UNIQUE KEY `student_number` (`student_number`),
  ADD KEY `class_id` (`class_id`);

--
-- Indexes for table `physics_lab_1_work`
--
ALTER TABLE `physics_lab_1_work`
  ADD PRIMARY KEY (`id`),
  ADD UNIQUE KEY `id` (`id`),
  ADD KEY `user_id` (`user_id`),
  ADD KEY `work_list` (`work_list`);

--
-- Indexes for table `physics_lab_1_work_list`
--
ALTER TABLE `physics_lab_1_work_list`
  ADD PRIMARY KEY (`id`),
  ADD UNIQUE KEY `id` (`id`),
  ADD UNIQUE KEY `work_name` (`work_name`);

--
-- Indexes for table `users`
--
ALTER TABLE `users`
  ADD PRIMARY KEY (`user_id`,`id`),
  ADD UNIQUE KEY `user_id` (`user_id`),
  ADD UNIQUE KEY `id` (`id`);

--
-- AUTO_INCREMENT for dumped tables
--

--
-- AUTO_INCREMENT for table `physics_lab_1_class`
--
ALTER TABLE `physics_lab_1_class`
  MODIFY `id` int(11) NOT NULL AUTO_INCREMENT, AUTO_INCREMENT=4;

--
-- AUTO_INCREMENT for table `physics_lab_1_users`
--
ALTER TABLE `physics_lab_1_users`
  MODIFY `id` int(11) NOT NULL AUTO_INCREMENT, AUTO_INCREMENT=49;

--
-- AUTO_INCREMENT for table `physics_lab_1_work`
--
ALTER TABLE `physics_lab_1_work`
  MODIFY `id` int(11) NOT NULL AUTO_INCREMENT, AUTO_INCREMENT=264;

--
-- AUTO_INCREMENT for table `physics_lab_1_work_list`
--
ALTER TABLE `physics_lab_1_work_list`
  MODIFY `id` int(11) NOT NULL AUTO_INCREMENT, AUTO_INCREMENT=18;

--
-- AUTO_INCREMENT for table `users`
--
ALTER TABLE `users`
  MODIFY `user_id` int(11) NOT NULL AUTO_INCREMENT, AUTO_INCREMENT=39;

--
-- Constraints for dumped tables
--

--
-- Constraints for table `physics_lab_1_users`
--
ALTER TABLE `physics_lab_1_users`
  ADD CONSTRAINT `physics_lab_1_users_ibfk_1` FOREIGN KEY (`user_id`) REFERENCES `users` (`user_id`),
  ADD CONSTRAINT `physics_lab_1_users_ibfk_2` FOREIGN KEY (`class_id`) REFERENCES `physics_lab_1_class` (`id`);

--
-- Constraints for table `physics_lab_1_work`
--
ALTER TABLE `physics_lab_1_work`
  ADD CONSTRAINT `physics_lab_1_work_ibfk_1` FOREIGN KEY (`user_id`) REFERENCES `users` (`user_id`),
  ADD CONSTRAINT `physics_lab_1_work_ibfk_2` FOREIGN KEY (`work_list`) REFERENCES `physics_lab_1_work_list` (`id`);
COMMIT;

/*!40101 SET CHARACTER_SET_CLIENT=@OLD_CHARACTER_SET_CLIENT */;
/*!40101 SET CHARACTER_SET_RESULTS=@OLD_CHARACTER_SET_RESULTS */;
/*!40101 SET COLLATION_CONNECTION=@OLD_COLLATION_CONNECTION */;
