-- phpMyAdmin SQL Dump
-- version 5.1.1
-- https://www.phpmyadmin.net/
--
-- Host: 127.0.0.1
-- Generation Time: Feb 05, 2023 at 09:47 AM
-- Server version: 10.4.21-MariaDB
-- PHP Version: 7.4.25

SET SQL_MODE = "NO_AUTO_VALUE_ON_ZERO";
START TRANSACTION;
SET time_zone = "+00:00";


/*!40101 SET @OLD_CHARACTER_SET_CLIENT=@@CHARACTER_SET_CLIENT */;
/*!40101 SET @OLD_CHARACTER_SET_RESULTS=@@CHARACTER_SET_RESULTS */;
/*!40101 SET @OLD_COLLATION_CONNECTION=@@COLLATION_CONNECTION */;
/*!40101 SET NAMES utf8mb4 */;

--
-- Database: `engy`
--

-- --------------------------------------------------------

--
-- Table structure for table `physics_lab_1_class`
--

CREATE TABLE `physics_lab_1_class` (
  `id` int(11) NOT NULL,
  `class_name` varchar(50) DEFAULT NULL,
  `class_day` varchar(50) DEFAULT NULL,
  `class_time` varchar(50) DEFAULT NULL
) ENGINE=InnoDB DEFAULT CHARSET=utf8mb4;

--
-- Dumping data for table `physics_lab_1_class`
--

INSERT INTO `physics_lab_1_class` (`id`, `class_name`, `class_day`, `class_time`) VALUES
(1, 'آزمایشگاه فیزیک 1 گروه 1', 'شنبه', '08:00 - 10:00'),
(2, 'آزمایشگاه فیزیک 1 گروه 2', 'شنبه', '10:00 - 12:00'),
(3, 'آزمایشگاه فیزیک 1 گروه 7', 'یک شنبه', '13:30 - 15:30');

-- --------------------------------------------------------

--
-- Table structure for table `physics_lab_1_users`
--

CREATE TABLE `physics_lab_1_users` (
  `id` int(11) NOT NULL,
  `user_id` int(11) NOT NULL,
  `student_number` int(11) NOT NULL,
  `class_id` int(11) DEFAULT NULL,
  `accept` tinyint(1) DEFAULT NULL,
  `full_name` varchar(50) DEFAULT NULL
) ENGINE=InnoDB DEFAULT CHARSET=utf8mb4;

--
-- Dumping data for table `physics_lab_1_users`
--

INSERT INTO `physics_lab_1_users` (`id`, `user_id`, `student_number`, `class_id`, `accept`, `full_name`) VALUES
(5, 8, 401104208, 3, 1, 'امیرحسین شهرابی فراهانی'),
(6, 9, 401106974, 1, 1, 'امیرحسین خدارحمی قهنویه'),
(10, 11, 401107176, 2, 1, 'ارین صداقت نوریان'),
(14, 10, 401107273, 2, 1, 'محمدسجاد عظیمی'),
(17, 14, 401106963, 1, 1, 'سهیل خالصی'),
(18, 15, 401106941, 1, 1, 'کیارش حقانی'),
(19, 16, 401107198, 2, 1, 'صدرا صفائی'),
(20, 17, 401106899, 1, 1, 'نسیم جاودانی اصفهانی'),
(23, 19, 401106952, 1, 1, 'علی حقانی زحمت کش'),
(24, 18, 401106793, 1, 1, 'فریماه اکبری'),
(25, 20, 97102366, 1, 1, 'علی محسنی نژاد'),
(27, 21, 401107154, 2, 1, 'سیدمحمدمهدی صادقی'),
(28, 23, 401107227, 2, 1, 'سیدعطاالله طباطبائی فرد'),
(29, 24, 401107165, 2, 1, 'محمد صداقت'),
(30, 25, 401107216, 2, 1, 'سیدمحمداحسان طباطبائی'),
(31, 26, 401107238, 2, 1, 'ارش ظریف'),
(32, 27, 401107205, 2, 1, 'احمدرضا ضیائی نصرابادی'),
(33, 28, 401104181, 3, 1, 'بردیا سویزی'),
(34, 29, 401104305, 3, 1, 'ارش علیزاده'),
(35, 30, 401104192, 3, 1, 'امیار سی وسه مرده'),
(36, 31, 401104219, 3, 1, 'علی شهیدی پور'),
(37, 32, 401106855, 1, 1, 'فاطمه ایمان پور'),
(38, 33, 401104232, 3, 1, 'محمدعارف صالحی'),
(39, 34, 401104298, 3, 1, 'امیرحسین علی محمدی'),
(41, 35, 401104287, 3, 1, 'محمدطاها عسکری'),
(46, 36, 401107187, 2, 1, 'حمیدرضا صدیقی'),
(47, 37, 401104254, 3, 1, 'محمدرضا طالب بیدختی'),
(49, 40, 400105863, 1, 1, 'زهرا صمدی');

-- --------------------------------------------------------

--
-- Table structure for table `physics_lab_1_work`
--

CREATE TABLE `physics_lab_1_work` (
  `id` int(11) NOT NULL,
  `user_id` int(11) DEFAULT NULL,
  `work_list` int(11) DEFAULT NULL,
  `date_time` datetime DEFAULT NULL,
  `score` int(11) DEFAULT NULL
) ENGINE=InnoDB DEFAULT CHARSET=utf8mb4;

--
-- Dumping data for table `physics_lab_1_work`
--

INSERT INTO `physics_lab_1_work` (`id`, `user_id`, `work_list`, `date_time`, `score`) VALUES
(3, 8, 11, '2022-11-15 23:26:53', 100),
(4, 8, 12, '2022-11-15 23:27:32', 100),
(5, 8, 1, '2022-11-15 23:29:02', 100),
(6, 8, 2, '2022-11-15 23:30:50', 100),
(7, 9, 1, '2022-11-15 23:31:41', 100),
(8, 9, 2, '2022-11-15 23:33:58', 100),
(9, 8, 5, '2022-11-15 23:35:55', 100),
(10, 10, 1, '2022-11-16 12:51:02', 100),
(11, 14, 1, '2022-11-16 12:51:23', 90),
(12, 14, 2, '2022-11-16 12:52:32', 100),
(13, 14, 3, '2022-11-16 12:54:37', 100),
(14, 10, 2, '2022-11-16 12:54:56', 100),
(15, 10, 3, '2022-11-16 12:57:13', 100),
(16, 10, 4, '2022-11-16 13:07:36', 95),
(17, 10, 11, '2022-11-16 13:14:34', 100),
(18, 10, 12, '2022-11-16 13:18:33', 100),
(19, 9, 3, '2022-11-16 16:02:59', 100),
(20, 15, 1, '2022-11-16 16:13:20', 100),
(21, 15, 2, '2022-11-16 16:15:03', 100),
(22, 15, 3, '2022-11-16 16:17:06', 100),
(23, 16, 2, '2022-11-17 08:14:01', 100),
(24, 17, 1, '2022-11-17 08:41:26', 90),
(25, 17, 2, '2022-11-17 08:42:27', 100),
(26, 17, 3, '2022-11-17 21:58:05', 100),
(27, 14, 4, '2022-11-17 23:05:33', 100),
(28, 19, 1, '2022-11-17 23:27:24', 100),
(29, 19, 2, '2022-11-17 23:29:31', 100),
(30, 19, 3, '2022-11-17 23:32:32', 100),
(31, 19, 4, '2022-11-17 23:34:43', 100),
(32, 9, 4, '2022-11-18 00:01:02', 90),
(33, 18, 1, '2022-11-18 00:05:44', 100),
(34, 18, 2, '2022-11-18 00:07:02', 100),
(35, 18, 3, '2022-11-18 00:07:59', 100),
(36, 11, 1, '2022-11-18 23:57:24', 100),
(37, 11, 2, '2022-11-18 23:58:57', 100),
(38, 11, 3, '2022-11-19 00:00:26', 95),
(39, 15, 4, '2022-11-19 00:00:48', 95),
(40, 11, 4, '2022-11-19 00:01:09', 100),
(41, 21, 2, '2022-11-19 00:27:44', 100),
(42, 21, 3, '2022-11-19 00:28:13', 100),
(43, 21, 4, '2022-11-19 00:29:07', 95),
(44, 21, 1, '2022-11-19 00:29:42', 95),
(45, 18, 4, '2022-11-19 08:10:45', 100),
(46, 19, 15, '2022-11-19 08:30:23', 100),
(47, 20, 15, '2022-11-19 08:31:39', 100),
(48, 14, 15, '2022-11-19 08:33:14', 100),
(49, 9, 15, '2022-11-19 08:35:13', 100),
(50, 18, 14, '2022-11-19 08:38:31', 100),
(51, 26, 15, '2022-11-19 10:37:27', 100),
(52, 16, 15, '2022-11-19 10:38:36', 100),
(53, 23, 15, '2022-11-19 10:40:57', 100),
(54, 25, 15, '2022-11-19 10:48:13', 100),
(55, 11, 15, '2022-11-19 17:45:29', 100),
(56, 16, 3, '2022-11-19 20:32:50', 100),
(57, 16, 4, '2022-11-19 20:37:17', 100),
(58, 27, 2, '2022-11-19 22:49:47', 95),
(59, 8, 6, '2022-11-20 17:58:22', 100),
(60, 8, 14, '2022-11-20 18:01:25', 100),
(61, 23, 1, '2022-11-20 20:23:01', 95),
(62, 23, 2, '2022-11-20 20:23:52', 100),
(63, 23, 3, '2022-11-20 20:24:48', 100),
(64, 23, 4, '2022-11-20 20:25:31', 95),
(65, 32, 1, '2022-11-20 21:08:01', 100),
(66, 32, 2, '2022-11-20 21:09:16', 100),
(67, 32, 3, '2022-11-20 21:11:08', 100),
(68, 32, 4, '2022-11-20 21:17:51', 90),
(69, 32, 14, '2022-11-20 21:20:58', 100),
(70, 33, 2, '2022-11-20 21:45:27', 100),
(71, 33, 14, '2022-11-20 21:46:27', 100),
(72, 27, 3, '2022-11-20 22:10:38', 100),
(73, 27, 15, '2022-11-20 22:16:23', 100),
(74, 24, 4, '2022-11-24 09:27:43', 95),
(75, 10, 5, '2022-11-24 09:52:56', 90),
(76, 25, 4, '2022-11-24 10:04:56', 95),
(77, 11, 5, '2022-11-24 10:26:27', 100),
(78, 17, 4, '2022-11-25 19:59:54', 100),
(79, 17, 5, '2022-11-25 20:00:38', 100),
(80, 21, 5, '2022-11-25 20:50:21', 90),
(81, 17, 16, '2022-11-26 08:28:39', 100),
(82, 19, 16, '2022-11-26 08:31:02', 100),
(83, 14, 5, '2022-11-26 08:34:01', 100),
(84, 20, 16, '2022-11-26 08:34:16', 100),
(85, 14, 16, '2022-11-26 08:35:48', 100),
(86, 32, 16, '2022-11-26 08:36:50', 100),
(87, 18, 16, '2022-11-26 08:41:33', 100),
(88, 18, 5, '2022-11-26 08:43:05', 100),
(89, 19, 5, '2022-11-26 08:44:10', 100),
(90, 15, 16, '2022-11-26 08:53:40', 100),
(91, 9, 16, '2022-11-26 09:10:46', 100),
(92, 26, 5, '2022-11-26 09:57:59', 70),
(93, 23, 5, '2022-11-26 10:11:37', 90),
(94, 21, 16, '2022-11-26 10:22:14', 100),
(95, 27, 16, '2022-11-26 10:24:05', 100),
(96, 25, 16, '2022-11-26 10:24:21', 100),
(97, 23, 16, '2022-11-26 10:25:12', 100),
(98, 24, 16, '2022-11-26 10:25:36', 100),
(99, 10, 16, '2022-11-26 10:27:41', 100),
(100, 24, 15, '2022-11-26 10:28:45', 100),
(101, 11, 16, '2022-11-26 11:29:17', 100),
(102, 32, 5, '2022-11-26 19:59:49', 100),
(103, 16, 16, '2022-11-27 00:19:29', 100),
(104, 35, 2, '2022-11-27 14:04:14', 90),
(105, 35, 6, '2022-11-27 14:06:46', 70),
(106, 35, 16, '2022-11-27 14:09:17', 100),
(107, 35, 12, '2022-11-27 14:11:00', 100),
(108, 35, 11, '2022-11-27 14:12:01', 100),
(109, 8, 3, '2022-11-27 20:54:32', 100),
(110, 24, 3, '2022-11-28 20:57:24', 90),
(111, 24, 2, '2022-11-28 20:59:21', 90),
(112, 24, 12, '2022-11-28 21:02:13', 100),
(113, 24, 5, '2022-11-28 21:09:42', 90),
(114, 16, 5, '2022-11-28 22:19:13', 100),
(115, 26, 2, '2022-12-01 21:11:51', 90),
(116, 26, 1, '2022-12-01 21:14:31', 80),
(117, 10, 6, '2022-12-01 21:17:11', 90),
(118, 26, 3, '2022-12-01 21:18:14', 95),
(119, 26, 16, '2022-12-01 21:20:53', 100),
(120, 26, 4, '2022-12-02 19:23:13', 90),
(121, 26, 6, '2022-12-02 19:23:51', 85),
(122, 9, 6, '2022-12-02 20:22:42', 90),
(123, 9, 5, '2022-12-02 20:23:46', 100),
(124, 17, 6, '2022-12-02 20:31:59', 90),
(125, 23, 6, '2022-12-02 20:39:45', 95),
(126, 11, 6, '2022-12-02 23:28:20', 100),
(127, 24, 1, '2022-12-03 00:49:02', 80),
(128, 24, 6, '2022-12-03 02:01:39', 85),
(129, 15, 5, '2022-12-03 02:09:38', 100),
(130, 15, 6, '2022-12-03 02:11:00', 90),
(131, 14, 7, '2022-12-03 08:10:41', 100),
(132, 19, 6, '2022-12-03 08:14:19', 95),
(133, 25, 1, '2022-12-03 10:04:46', 90),
(134, 25, 2, '2022-12-03 10:20:20', 85),
(135, 25, 3, '2022-12-03 10:21:56', 100),
(136, 25, 5, '2022-12-03 10:23:51', 100),
(137, 25, 6, '2022-12-03 10:25:06', 100),
(138, 21, 6, '2022-12-09 16:06:07', 100),
(139, 10, 7, '2022-12-09 17:26:13', 100),
(140, 9, 11, '2022-12-09 17:44:55', 100),
(141, 9, 12, '2022-12-09 17:46:25', 100),
(142, 9, 7, '2022-12-09 17:52:14', 100),
(143, 26, 7, '2022-12-09 18:33:42', 100),
(144, 14, 6, '2022-12-09 19:25:10', 100),
(145, 18, 7, '2022-12-10 08:26:31', 100),
(146, 17, 7, '2022-12-10 08:26:35', 100),
(147, 19, 7, '2022-12-10 08:27:00', 100),
(148, 11, 7, '2022-12-10 08:30:39', 100),
(149, 23, 7, '2022-12-10 09:27:23', 100),
(150, 21, 7, '2022-12-10 09:56:48', 100),
(151, 24, 7, '2022-12-10 10:11:43', 100),
(152, 15, 7, '2022-12-10 11:59:37', 100),
(153, 23, 8, '2022-12-16 21:58:42', 100),
(154, 21, 8, '2022-12-16 21:59:16', 100),
(155, 10, 8, '2022-12-16 22:10:31', 100),
(156, 9, 8, '2022-12-16 22:39:41', 100),
(157, 11, 8, '2022-12-16 23:59:42', 100),
(158, 24, 8, '2022-12-17 00:47:49', 100),
(159, 17, 8, '2022-12-17 01:17:42', 100),
(160, 18, 6, '2022-12-17 08:12:30', 100),
(161, 14, 8, '2022-12-17 08:14:01', 100),
(162, 26, 8, '2022-12-17 09:47:08', 100),
(163, 26, 9, '2022-12-25 11:25:55', 100),
(164, 11, 17, '2022-12-25 12:47:47', 100),
(165, 11, 9, '2022-12-25 12:48:45', 100),
(166, 23, 9, '2022-12-26 21:12:20', 100),
(167, 9, 17, '2022-12-27 00:00:14', 100),
(168, 9, 9, '2022-12-27 00:01:58', 100),
(169, 18, 8, '2022-12-27 04:38:50', 100),
(170, 18, 9, '2022-12-27 11:34:33', 100),
(171, 18, 17, '2022-12-27 11:35:37', 100),
(172, 32, 9, '2022-12-27 20:18:15', 100),
(173, 32, 8, '2022-12-27 20:20:35', 100),
(174, 14, 9, '2022-12-31 13:45:38', 100),
(175, 19, 8, '2022-12-31 13:45:56', 100),
(176, 19, 9, '2022-12-31 13:46:18', 100),
(177, 19, 10, '2022-12-31 13:46:45', 100),
(178, 14, 10, '2022-12-31 13:48:40', 100),
(179, 11, 10, '2022-12-31 13:50:24', 100),
(180, 15, 8, '2022-12-31 14:32:24', 100),
(181, 15, 9, '2022-12-31 14:33:45', 100),
(182, 10, 9, '2022-12-31 18:35:32', 100),
(183, 10, 17, '2022-12-31 18:39:51', 100),
(184, 9, 10, '2022-12-31 18:40:59', 100),
(185, 10, 10, '2023-01-07 13:38:45', 100),
(186, 27, 10, '2023-01-07 13:39:18', 100),
(187, 27, 6, '2023-01-07 13:43:17', 95),
(188, 25, 7, '2023-01-08 18:08:21', 100),
(189, 20, 1, '2023-01-08 18:09:12', 100),
(190, 20, 3, '2023-01-08 18:10:58', 100),
(191, 25, 8, '2023-01-08 18:11:25', 100),
(192, 20, 4, '2023-01-08 18:11:44', 95),
(193, 20, 5, '2023-01-08 18:13:44', 80),
(194, 20, 6, '2023-01-08 18:14:35', 50),
(195, 20, 7, '2023-01-08 18:15:28', 85),
(196, 20, 8, '2023-01-08 18:15:58', 100),
(197, 20, 9, '2023-01-08 18:16:47', 80),
(198, 36, 1, '2023-01-08 18:22:49', 90),
(199, 36, 15, '2023-01-08 18:23:58', 100),
(200, 36, 17, '2023-01-08 18:24:32', 100),
(201, 23, 10, '2023-01-08 18:25:40', 100),
(202, 36, 2, '2023-01-08 18:25:48', 100),
(203, 36, 4, '2023-01-08 18:26:32', 70),
(204, 36, 3, '2023-01-08 18:27:27', 95),
(205, 36, 5, '2023-01-08 18:27:48', NULL),
(206, 36, 6, '2023-01-08 18:28:16', NULL),
(207, 36, 7, '2023-01-08 18:28:36', 100),
(208, 36, 8, '2023-01-08 18:29:25', NULL),
(209, 36, 9, '2023-01-08 18:29:53', NULL),
(210, 25, 9, '2023-01-08 18:33:50', 100),
(211, 8, 9, '2023-01-08 20:39:32', 100),
(212, 8, 4, '2023-01-08 20:46:05', 100),
(213, 8, 10, '2023-01-08 20:53:36', 100),
(214, 33, 7, '2023-01-08 21:01:51', 100),
(215, 33, 6, '2023-01-08 21:03:46', 90),
(216, 33, 3, '2023-01-08 21:05:04', 100),
(217, 33, 4, '2023-01-08 21:06:26', 100),
(218, 33, 9, '2023-01-08 21:08:18', 100),
(219, 8, 7, '2023-01-08 21:21:47', 100),
(220, 24, 9, '2023-01-09 00:20:06', 100),
(221, 24, 10, '2023-01-09 00:22:53', 100),
(222, 16, 6, '2023-01-09 18:55:43', 95),
(223, 16, 8, '2023-01-09 18:59:38', 100),
(224, 16, 9, '2023-01-09 19:01:32', 100),
(225, 16, 10, '2023-01-09 19:04:03', 100),
(226, 18, 10, '2023-01-10 15:27:07', 100),
(227, 27, 1, '2023-01-10 16:23:57', 95),
(228, 33, 1, '2023-01-10 16:35:55', 100),
(229, 33, 5, '2023-01-10 16:36:14', 100),
(230, 33, 10, '2023-01-10 16:36:32', 100),
(231, 27, 9, '2023-01-10 16:47:54', 100),
(232, 27, 5, '2023-01-10 16:54:06', 90),
(233, 27, 8, '2023-01-10 17:06:14', 85),
(234, 27, 7, '2023-01-10 17:25:44', 100),
(235, 27, 4, '2023-01-10 17:29:55', 95),
(236, 21, 9, '2023-01-10 18:23:28', 100),
(237, 21, 10, '2023-01-10 18:24:01', 100),
(238, 21, 17, '2023-01-10 18:24:20', 100),
(239, 26, 10, '2023-01-10 19:13:06', 100),
(240, 34, 1, '2023-01-26 11:07:52', 95),
(241, 34, 2, '2023-01-26 11:08:57', 100),
(242, 34, 3, '2023-01-26 11:10:34', 100),
(243, 34, 4, '2023-01-26 11:12:49', 100),
(244, 34, 5, '2023-01-26 11:17:15', 95),
(245, 34, 7, '2023-01-26 11:19:12', 100),
(246, 34, 9, '2023-01-26 11:28:46', 100),
(247, 34, 10, '2023-01-26 11:30:11', 100),
(248, 25, 10, '2023-01-26 12:00:55', 100),
(249, 16, 1, '2023-01-26 12:38:18', 90),
(250, 16, 7, '2023-01-26 14:12:23', 100),
(251, 17, 10, '2023-01-28 13:32:13', 100),
(252, 17, 9, '2023-01-28 13:34:05', 100),
(253, 32, 10, '2023-01-28 13:46:20', 100),
(254, 28, 1, '2023-01-28 14:04:13', 100),
(255, 28, 2, '2023-01-28 14:04:54', 100),
(256, 28, 3, '2023-01-28 14:05:17', 100),
(257, 28, 4, '2023-01-28 14:05:49', 100),
(258, 28, 5, '2023-01-28 14:06:08', 100),
(259, 28, 6, '2023-01-28 14:06:44', 100),
(260, 28, 7, '2023-01-28 14:07:07', 100),
(261, 28, 8, '2023-01-28 14:07:25', 100),
(262, 28, 9, '2023-01-28 14:07:48', 100),
(263, 28, 10, '2023-01-28 14:08:07', 100),
(264, 32, 6, '2023-01-28 16:21:32', 95),
(265, 32, 7, '2023-01-28 16:27:14', 100),
(266, 23, 17, '2023-01-28 17:18:37', 100),
(267, 30, 1, '2023-01-28 18:11:11', 100),
(268, 30, 2, '2023-01-28 18:20:38', 100),
(269, 30, 4, '2023-01-28 18:24:35', 95),
(270, 30, 5, '2023-01-28 18:32:19', 100),
(271, 30, 6, '2023-01-28 18:36:36', 100),
(272, 30, 9, '2023-01-28 18:41:49', 100),
(273, 30, 10, '2023-01-28 18:50:50', 100),
(274, 30, 3, '2023-01-28 19:13:56', 100),
(275, 30, 7, '2023-01-28 19:15:02', 100),
(276, 30, 8, '2023-01-28 19:17:20', NULL),
(277, 40, 3, '2023-01-28 19:26:35', 100),
(278, 40, 4, '2023-01-28 19:27:35', 95),
(279, 40, 5, '2023-01-28 19:28:09', 75),
(280, 40, 6, '2023-01-28 19:29:09', 80),
(281, 40, 7, '2023-01-28 19:29:52', 95),
(282, 40, 8, '2023-01-28 19:30:47', 90),
(283, 40, 9, '2023-01-28 19:31:28', 95),
(284, 40, 10, '2023-01-28 19:32:08', 100),
(285, 15, 10, '2023-01-28 20:30:58', 100),
(286, 29, 2, '2023-01-28 21:22:45', 95),
(287, 29, 3, '2023-01-28 21:36:00', 70),
(288, 35, 3, '2023-01-28 21:41:44', 95),
(289, 29, 4, '2023-01-28 21:46:43', 85),
(290, 29, 5, '2023-01-28 21:48:23', 90),
(291, 29, 6, '2023-01-28 21:49:43', 90),
(292, 35, 4, '2023-01-28 21:50:50', NULL),
(293, 29, 7, '2023-01-28 21:53:45', 100),
(294, 29, 8, '2023-01-28 21:54:19', NULL),
(295, 29, 9, '2023-01-28 21:55:49', 100),
(296, 29, 10, '2023-01-28 21:57:05', 100),
(297, 29, 1, '2023-01-28 21:59:06', 100),
(298, 29, 11, '2023-01-28 21:59:34', 100),
(299, 29, 12, '2023-01-28 21:59:56', 100),
(300, 29, 13, '2023-01-28 22:00:20', 100),
(301, 29, 14, '2023-01-28 22:06:58', 100),
(302, 29, 15, '2023-01-28 22:07:17', 100),
(303, 29, 16, '2023-01-28 22:07:39', 100),
(304, 29, 17, '2023-01-28 22:08:01', 100),
(305, 35, 1, '2023-01-28 22:20:27', 90),
(306, 35, 5, '2023-01-28 22:22:06', NULL),
(307, 40, 1, '2023-01-29 03:43:20', 85),
(308, 40, 2, '2023-01-29 03:43:42', 85),
(309, 37, 3, '2023-01-29 11:51:24', NULL),
(310, 37, 6, '2023-01-29 12:10:03', NULL),
(311, 37, 7, '2023-01-29 12:11:15', NULL),
(312, 37, 4, '2023-01-29 12:12:09', NULL),
(313, 37, 5, '2023-01-29 12:13:32', NULL),
(314, 37, 16, '2023-01-29 12:18:00', 100),
(315, 24, 11, '2023-01-29 14:27:53', 100),
(316, 31, 1, '2023-01-29 16:48:13', 100),
(317, 35, 7, '2023-01-29 16:50:04', NULL),
(318, 35, 8, '2023-01-29 16:52:40', NULL),
(319, 35, 9, '2023-01-29 16:53:34', NULL),
(320, 35, 10, '2023-01-29 16:55:19', 100),
(321, 31, 2, '2023-01-29 17:15:17', 100),
(322, 31, 3, '2023-01-29 17:19:43', 100),
(323, 31, 4, '2023-01-29 17:21:46', 100),
(324, 31, 5, '2023-01-29 17:22:43', 100),
(325, 31, 6, '2023-01-29 17:38:02', 100),
(326, 31, 7, '2023-01-29 17:38:51', 100),
(327, 31, 8, '2023-01-29 17:40:08', 100),
(328, 37, 1, '2023-01-29 18:22:35', NULL);

-- --------------------------------------------------------

--
-- Table structure for table `physics_lab_1_work_list`
--

CREATE TABLE `physics_lab_1_work_list` (
  `id` int(11) NOT NULL,
  `work_name` varchar(50) DEFAULT NULL,
  `can_insert` tinyint(4) NOT NULL DEFAULT 1
) ENGINE=InnoDB DEFAULT CHARSET=utf8mb4;

--
-- Dumping data for table `physics_lab_1_work_list`
--

INSERT INTO `physics_lab_1_work_list` (`id`, `work_name`, `can_insert`) VALUES
(1, 'آزمایش شماره 1(اندازه گیری)', 1),
(2, 'آزمایش شماره 2(قانون ارشمیدس و عکس العمل زمان)', 1),
(3, 'آزمایش شماره 3(اصطکاک)', 1),
(4, 'آزمایش شماره 4(سرعت و شتاب)', 1),
(5, 'آزمایش شماره 5(خط کش تعادل و میز نیرو)', 1),
(6, 'آزمایش شماره 6(حرکت پرتابی)', 1),
(7, 'آزمایش شماره 7(آونگ کاتر)', 1),
(8, 'آزمایش شماره 8(برخورد جداول 1تا6)', 1),
(9, 'آزمایش شماره 9', 1),
(10, 'آزمایش شماره 10', 1),
(11, 'کوییز 1', 1),
(12, 'کوییز 2', 1),
(13, 'کوییز 3', 1),
(14, 'کوییز 4', 1),
(15, 'کوییز 5', 1),
(16, 'کوییز 6', 1),
(17, 'کوییز 8', 1),
(18, 'فاینال', 0);

-- --------------------------------------------------------

--
-- Table structure for table `users`
--

CREATE TABLE `users` (
  `user_id` int(11) NOT NULL,
  `id` bigint(30) NOT NULL,
  `first_name` varchar(50) DEFAULT NULL,
  `last_name` varchar(50) DEFAULT NULL,
  `username` varchar(50) DEFAULT NULL
) ENGINE=InnoDB DEFAULT CHARSET=utf8mb4;

--
-- Dumping data for table `users`
--

INSERT INTO `users` (`user_id`, `id`, `first_name`, `last_name`, `username`) VALUES
(4, 99981475, 'vampire', NULL, 'Vampire1468'),
(8, 684036262, 'Amirhossein', NULL, 'Amirhossein_shf'),
(9, 915453626, 'AmirHosein', 'Khodarahmi', 'amir_kh54'),
(10, 5530759653, 'محمّد سجّاد', 'عظیمی', NULL),
(11, 80613643, 'Arian', NULL, 'ariansedaghat82'),
(14, 56233559, 'Soheil', NULL, 'Skh_legend82'),
(15, 85594269, 'Kiarash', 'Haghani', 'Kia22ha7'),
(16, 376733508, 'Sadra', NULL, 'sadrena'),
(17, 159153461, 'Nasim', NULL, 'Nasimjavdani'),
(18, 5555344149, 'farimah', NULL, 'farithonine4'),
(19, 1193699591, 'Ali hz', NULL, 'AHZA786'),
(20, 192577789, 'ali', 'Mohseninejad', 'Aliaaamn'),
(21, 1532075494, 'Mahdi', 'Sadeghi', 'SMS_42'),
(22, 5769392917, 'Mohammad', NULL, 'mmdkzmi83'),
(23, 1830248182, 'Ata', 'Baaft', 'atabaaft'),
(24, 5315548065, 'mohammad', NULL, 'Mohammadsd3961'),
(25, 96570299, 'Sed ehsan', NULL, 'Meh3anT'),
(26, 397146936, 'arash', 'zarif', 'arashzrf1382'),
(27, 792712926, 'Ahmad', NULL, 'Fasghvg'),
(28, 548324254, 'Bardia', NULL, 'Bardiasoeasy'),
(29, 5532529321, 'Arash', 'Alizadeh', 'alz_arash'),
(30, 369780335, 'Amyar', NULL, 'Amyar_Sio'),
(31, 188645912, 'ali', NULL, NULL),
(32, 340885144, 'Saghar Imn', NULL, 'sghrimn'),
(33, 5427009063, 'Mohammad Aref', 'Salehi', 'masalehi83'),
(34, 276152556, 'amir', NULL, NULL),
(35, 903495208, 'Taha', NULL, 'Tahaask'),
(36, 334139176, 'Hamidreza', 'Sedighi', 'hamid3dighi'),
(37, 577858094, 'ℳ𝒪ℋ𝒜ℳℳ𝒜𝒟', NULL, 'DFNSHK'),
(39, 339714900, 'Saina', 'Sepahi', 'snsepahi'),
(40, 96192933, 'Mahshid', NULL, 'mahi_s_mahi');

--
-- Indexes for dumped tables
--

--
-- Indexes for table `physics_lab_1_class`
--
ALTER TABLE `physics_lab_1_class`
  ADD PRIMARY KEY (`id`),
  ADD UNIQUE KEY `id` (`id`),
  ADD UNIQUE KEY `class_name` (`class_name`);

--
-- Indexes for table `physics_lab_1_users`
--
ALTER TABLE `physics_lab_1_users`
  ADD PRIMARY KEY (`id`,`user_id`,`student_number`),
  ADD UNIQUE KEY `id` (`id`),
  ADD UNIQUE KEY `user_id` (`user_id`),
  ADD UNIQUE KEY `student_number` (`student_number`),
  ADD KEY `class_id` (`class_id`);

--
-- Indexes for table `physics_lab_1_work`
--
ALTER TABLE `physics_lab_1_work`
  ADD PRIMARY KEY (`id`),
  ADD UNIQUE KEY `id` (`id`),
  ADD KEY `user_id` (`user_id`),
  ADD KEY `work_list` (`work_list`);

--
-- Indexes for table `physics_lab_1_work_list`
--
ALTER TABLE `physics_lab_1_work_list`
  ADD PRIMARY KEY (`id`),
  ADD UNIQUE KEY `id` (`id`),
  ADD UNIQUE KEY `work_name` (`work_name`);

--
-- Indexes for table `users`
--
ALTER TABLE `users`
  ADD PRIMARY KEY (`user_id`,`id`),
  ADD UNIQUE KEY `user_id` (`user_id`),
  ADD UNIQUE KEY `id` (`id`);

--
-- AUTO_INCREMENT for dumped tables
--

--
-- AUTO_INCREMENT for table `physics_lab_1_class`
--
ALTER TABLE `physics_lab_1_class`
  MODIFY `id` int(11) NOT NULL AUTO_INCREMENT, AUTO_INCREMENT=4;

--
-- AUTO_INCREMENT for table `physics_lab_1_users`
--
ALTER TABLE `physics_lab_1_users`
  MODIFY `id` int(11) NOT NULL AUTO_INCREMENT, AUTO_INCREMENT=50;

--
-- AUTO_INCREMENT for table `physics_lab_1_work`
--
ALTER TABLE `physics_lab_1_work`
  MODIFY `id` int(11) NOT NULL AUTO_INCREMENT, AUTO_INCREMENT=329;

--
-- AUTO_INCREMENT for table `physics_lab_1_work_list`
--
ALTER TABLE `physics_lab_1_work_list`
  MODIFY `id` int(11) NOT NULL AUTO_INCREMENT, AUTO_INCREMENT=19;

--
-- AUTO_INCREMENT for table `users`
--
ALTER TABLE `users`
  MODIFY `user_id` int(11) NOT NULL AUTO_INCREMENT, AUTO_INCREMENT=41;

--
-- Constraints for dumped tables
--

--
-- Constraints for table `physics_lab_1_users`
--
ALTER TABLE `physics_lab_1_users`
  ADD CONSTRAINT `physics_lab_1_users_ibfk_1` FOREIGN KEY (`user_id`) REFERENCES `users` (`user_id`),
  ADD CONSTRAINT `physics_lab_1_users_ibfk_2` FOREIGN KEY (`class_id`) REFERENCES `physics_lab_1_class` (`id`);

--
-- Constraints for table `physics_lab_1_work`
--
ALTER TABLE `physics_lab_1_work`
  ADD CONSTRAINT `physics_lab_1_work_ibfk_1` FOREIGN KEY (`user_id`) REFERENCES `users` (`user_id`),
  ADD CONSTRAINT `physics_lab_1_work_ibfk_2` FOREIGN KEY (`work_list`) REFERENCES `physics_lab_1_work_list` (`id`);
COMMIT;

/*!40101 SET CHARACTER_SET_CLIENT=@OLD_CHARACTER_SET_CLIENT */;
/*!40101 SET CHARACTER_SET_RESULTS=@OLD_CHARACTER_SET_RESULTS */;
/*!40101 SET COLLATION_CONNECTION=@OLD_COLLATION_CONNECTION */;
